<?xml version="1.0" encoding="UTF-8"?>
<project-private xmlns="http://www.netbeans.org/ns/project-private/1">
    <editor-bookmarks xmlns="http://www.netbeans.org/ns/editor-bookmarks/2" lastBookmarkId="0"/>
    <open-files xmlns="http://www.netbeans.org/ns/projectui-open-files/2">
        <group>
            <file>file:/F:/7º%20Semestre/Engenharia%20II/FINAL%20FINAL/Projeto%20EngenhariaII/ChurrosGourmetSystem/src/churrosgourmetsystem/ui/TelaBuscarFuncionarioController.java</file>
            <file>file:/F:/7º%20Semestre/Engenharia%20II/FINAL%20FINAL/Projeto%20EngenhariaII/ChurrosGourmetSystem/src/churrosgourmetsystem/db/controladoras/CtrlFuncionario.java</file>
        </group>
    </open-files>
</project-private>
